{"cameraMode":{"drawMode":0,"name":"Shaded","section":"Shading Mode"},"sceneLighting":true,"audioPlay":false,"sceneViewState":{"m_AlwaysRefresh":false,"showFog":true,"showSkybox":true,"showFlares":true,"showImageEffects":true,"showParticleSystems":true,"showVisualEffectGraphs":true,"m_FxEnabled":true},"in2DMode":false,"pivot":{"x":-0.6509627103805542,"y":4.143072605133057,"z":-7.576845169067383},"rotation":{"x":0.24643072485923768,"y":-0.005231635179370642,"z":0.001329891849309206,"w":0.9691422581672669},"size":5.616636753082275,"orthographic":false}