{"cameraMode":{"drawMode":0,"name":"Shaded","section":"Shading Mode"},"sceneLighting":true,"audioPlay":false,"sceneViewState":{"m_AlwaysRefresh":false,"showFog":true,"showSkybox":true,"showFlares":true,"showImageEffects":true,"showParticleSystems":true,"showVisualEffectGraphs":true,"m_FxEnabled":true},"in2DMode":false,"pivot":{"x":2.0426833629608156,"y":1.0000076293945313,"z":-17.340248107910158},"rotation":{"x":0.34218159317970278,"y":-0.11907067894935608,"z":0.043759845197200778,"w":0.9310464859008789},"size":34.55269241333008,"orthographic":false}