{"cameraMode":{"drawMode":0,"name":"Shaded","section":"Shading Mode"},"sceneLighting":true,"audioPlay":false,"sceneViewState":{"m_AlwaysRefresh":false,"showFog":true,"showSkybox":true,"showFlares":true,"showImageEffects":true,"showParticleSystems":true,"showVisualEffectGraphs":true,"m_FxEnabled":true},"in2DMode":false,"pivot":{"x":2.2640645503997804,"y":9.565773010253907,"z":-6.226728439331055},"rotation":{"x":0.36989283561706545,"y":0.09507762640714646,"z":-0.03808511048555374,"w":0.9234094023704529},"size":11.863118171691895,"orthographic":false}