{"cameraMode":{"drawMode":0,"name":"Shaded","section":"Shading Mode"},"sceneLighting":true,"audioPlay":false,"sceneViewState":{"m_AlwaysRefresh":false,"showFog":true,"showSkybox":true,"showFlares":true,"showImageEffects":true,"showParticleSystems":true,"showVisualEffectGraphs":true,"m_FxEnabled":true},"in2DMode":false,"pivot":{"x":0.23535919189453126,"y":1.004082202911377,"z":7.77359676361084},"rotation":{"x":0.14619843661785127,"y":0.1072102040052414,"z":-0.015940017998218538,"w":0.9833016395568848},"size":10.255401611328125,"orthographic":false}